{"episodic_return": 437.68280029296875, "episodic_length": 263, "_timestamp": 1718535920.802732, "_runtime": 1591.9485700130463, "_step": 408, "QF1 Values": 146.71250915527344, "QF2 Values": 146.83465576171875, "QF1 Loss": 13.460030555725098, "QF2 Loss": 8.586170196533203, "QF Loss": 11.023099899291992, "Actor Loss": -145.54412841796875, "Alpha": 0.14382411539554596, "SPS": 7, "Alpha Loss": 0.35716307163238525, "_wandb": {"runtime": 1598}}