{"episodic_return": 256.5716247558594, "episodic_length": 106, "_timestamp": 1718534420.500225, "_runtime": 98.77892112731934, "_step": 441, "QF1 Values": 63.16533279418945, "QF2 Values": 63.89150619506836, "QF1 Loss": 5.593522548675537, "QF2 Loss": 3.3843064308166504, "QF Loss": 4.488914489746094, "Actor Loss": -66.07474517822266, "Alpha": 0.08670337498188019, "SPS": 116, "Alpha Loss": 0.0028100688941776752, "_wandb": {"runtime": 98}}