{"episodic_return": 498.8249816894531, "episodic_length": 162, "_timestamp": 1718535288.7096, "_runtime": 855.3262588977814, "_step": 1812, "QF1 Values": 151.05950927734375, "QF2 Values": 151.2666778564453, "QF1 Loss": 5.963096618652344, "QF2 Loss": 7.313851833343506, "QF Loss": 6.638474464416504, "Actor Loss": -151.15997314453125, "Alpha": 0.052620552480220795, "SPS": 71, "Alpha Loss": 0.00044568651355803013, "_wandb": {"runtime": 855}}