{"episodic_return": 434.373779296875, "episodic_length": 244, "_timestamp": 1718538229.651511, "_runtime": 2260.252935886383, "_step": 487, "QF1 Values": 105.28628540039062, "QF2 Values": 106.21650695800781, "QF1 Loss": 28.511085510253906, "QF2 Loss": 31.517507553100586, "QF Loss": 30.014297485351562, "Actor Loss": -87.10559844970703, "Alpha": 0.15338309109210968, "SPS": 6, "Alpha Loss": -0.02448446676135063}