{"episodic_return": 6.462607383728027, "episodic_length": 15, "_timestamp": 1718539949.099435, "_runtime": 3979.7008600234985, "_step": 1268, "QF1 Values": -466215.34375, "QF2 Values": -460795.5, "QF1 Loss": 907198293082112.0, "QF2 Loss": 909063651065856.0, "QF Loss": 908130972073984.0, "Actor Loss": -3217000.0, "Alpha": 1876904.0, "SPS": 5, "Alpha Loss": -9073980.0, "_wandb": {"runtime": 3980}}